model,feature_set,sample_size,accuracy,roc_auc,f1,pr_auc,train_time_s,predict_time_s,note
Decision Tree,Raw 28D,200000,0.692375,0.7612675058047452,0.6921852130229751,0.7676593232127704,1.98,0.0,
k-NN,Raw 28D,200000,0.639525,0.6888408642972775,0.6371701505452718,0.6910716603597321,0.02,2.18,
Linear SVM,Raw 28D,200000,0.640025,0.683750351725126,0.6344218958540583,0.6819836288802401,0.2,0.0,
RBF SVM,Raw 28D,200000,,,,,,,Skipped
Random Forest,Raw 28D,200000,0.7248,0.8050962431581755,0.7245193593892624,0.8201153043747753,5.68,0.07,
XGBoost,Raw 28D,200000,0.734575,0.8152708575103405,0.734435039683156,0.8282948342040309,0.66,0.01,
Decision Tree,PCA 10D,200000,0.596575,0.6306187523761284,0.5910394834808447,0.6281592502715495,1.0,0.0,
k-NN,PCA 10D,200000,0.601325,0.6319277516066051,0.5993727490537699,0.6340711005288056,0.05,0.97,
Linear SVM,PCA 10D,200000,0.554175,0.5602698094737407,0.5312851883741436,0.5759495543583968,0.03,0.0,
RBF SVM,PCA 10D,200000,,,,,,,Skipped
Random Forest,PCA 10D,200000,0.636825,0.6839958002890671,0.6331264628540885,0.6910275778677873,4.52,0.06,
XGBoost,PCA 10D,200000,0.6389,0.686325145058782,0.6355760841207712,0.6920710019045783,0.44,0.01,
